,Address,Price,Lat,Lng
0,7947 Claremont DR,317900,32.798551,-96.711084
1,9833 Walnut Street,50000,32.923402,-96.713412
2,9825 Walnut Street,50000,32.923402,-96.713412
3,9809 Walnut Street,50000,32.923402,-96.713412
4,9805 Walnut Street,51000,32.923402,-96.713412
5,9815 Walnut Street,51000,32.923402,-96.713412
6,8600 Coppertowne Lane,144000,32.89793,-96.725238
7,6215 Teague Drive,160000,32.670169,-96.77937
8,2824 Belknap Avenue,164000,32.71301,-96.797069
9,3615 Dutton Drive,173000,32.725778,-96.879679
10,1122 Jackson Street,206000,32.778393,-96.801314
11,6102 Summer Creek Circle,210000,32.862902,-96.757014
12,12146 Willowdell Drive,219900,32.915288,-96.764139
13,4242 N Capistrano Drive,235000,33.00578,-96.836348
14,2962 Housley Drive,235000,32.851336,-96.662742
15,2962 Housley DR,235000,32.851336,-96.662742
16,2820 Linfield Road,239900,32.70736,-96.772001
17,2919 Gus Thomasson Road,240000,32.835133,-96.665163
18,3035 Newcastle Drive,249900,32.880313,-96.875368
19,2507 S Vernon Avenue,259000,32.721298,-96.837144
20,9835 Whistler Drive,275000,32.686744,-96.651386
21,5200 Martel Avenue,279000,32.831307,-96.778953
22,2150 Lovedale Avenue,300000,32.829296,-96.854744
23,4834 Fallon Place,320000,32.783661,-96.709586
24,1407 Glenfield Avenue,325000,32.718839,-96.844566
25,1627 Wilbur Street,325000,32.722586,-96.847349
26,13911 Preston Valley Place,340000,32.93841,-96.806153
27,9752 Burney Drive,379900,32.920543,-96.719499
28,11232 Lanewood Circle,435000,32.856488,-96.688194
29,2217 Kirby Street,449900,32.808087,-96.782366
30,5015 Manett Street,459990,32.814636,-96.783213
31,4611 Travis Street,470000,32.824229,-96.790203
32,9703 Robin Hill Circle,475000,32.880155,-96.713255
33,9723 Lanward Circle,475000,32.879673,-96.703449
34,1632 Vaughan Court,485000,32.754195,-96.847123
35,17201 Meadow Tree Circle,509900,32.980706,-96.826767
36,202 S Edgefield Avenue,519900,32.74397,-96.843877
37,180 S Cisco Street,539000,32.792658,-96.764512
38,7001 Vivian Avenue,599000,32.804953,-96.737206
39,10849 Scotspring Lane,725000,32.859313,-96.698038
40,7704 Queens Garden Drive,725000,32.981762,-96.773942
41,9591 Highedge Drive,759000,32.877661,-96.724113
42,9118 Rock Daisy Court,799000,32.883656,-96.736012
43,6858 Meadowcreek Drive,850000,32.941956,-96.787015
44,9515 Moss Haven Drive,899000,32.889805,-96.742698
45,6230 Joyce Way,1400000,32.878893,-96.798443
46,5331 Emerson Avenue,1595000,32.846589,-96.820064
47,5122 Horseshoe Trail,2250000,32.859547,-96.823533
48,5001 Bowser Avenue,82500,32.823969,-96.818207
49,2121 Lolita Drive,125375,32.749553,-96.680507
50,2627 Douglas Avenue,128500,32.809749,-96.817319
51,8550 Fair Oaks Crossing,129900,32.897032,-96.727856
52,3700 Hancock Street,129900,32.76239,-96.742141
53,10121 Stebbins Street,130000,32.716214,-96.649186
54,5550 Spring Valley Road,130000,32.938982,-96.81258
55,12888 Montfort Drive,139000,32.92394,-96.810621
56,4117 Pampas Street,145000,32.731641,-96.888481
57,5335 Bent Tree Forest Drive,145000,32.965634,-96.816548
58,8615 Files Street,146750,32.728355,-96.671777
59,511 Glencairn Drive,154900,32.655699,-96.829657
60,3038 Marjorie Avenue,155000,32.702058,-96.769321
61,7706 Meadow Road,174900,32.886296,-96.774511
62,1816 Peabody Avenue,175000,32.762224,-96.774011
63,5051 N Hall Street,177000,32.822027,-96.820232
64,1920 Oak Hill Circle,178374,32.745204,-96.671434
65,5881 Preston View Boulevard,184000,32.935616,-96.806251
66,7640 W Greenway Boulevard,184000,32.848976,-96.817771
67,1619 Mcadams Avenue,189000,32.716934,-96.84688
68,4105 Hamilton Avenue,195000,32.774983,-96.75142
69,1811 Goldwood Drive,215995,32.657227,-96.847074
70,5808 Sandhurst Lane,217000,32.843455,-96.766479
71,2720 E Atoll Drive,225000,32.714189,-96.799074
72,9826 Amberton Parkway,225000,32.92225,-96.738427
73,406 Penguin Drive,229900,32.679719,-96.819043
74,3919 Kenilworth Street,235000,32.766034,-96.742665
75,6234 Bandera Avenue,235000,32.86721,-96.799408
76,17820 Windflower Way,239900,32.995321,-96.801804
77,1926 Berwick Avenue,240000,32.726761,-96.797319
78,4102 Buena Vista Street,240000,32.815576,-96.795411
79,11364 Lanewood Circle,240000,32.856487,-96.684124
80,9307 Sandyhook Circle,240000,32.758666,-96.662961
81,804 Cameron Avenue,249000,32.802103,-96.744184
82,2639 Crest Ridge Drive,250000,32.830558,-96.668785
83,2727 Reagan Street,259000,32.80847,-96.813208
84,4144 Pluto Street,259900,32.79235,-96.890744
85,100 N Hampton Road,269900,32.745218,-96.856493
86,2119 Highwood Drive,299000,32.829759,-96.681737
87,3531 Burlingdell Avenue,319000,32.737234,-96.878589
88,1530 S Montreal Avenue,327900,32.728055,-96.854045
89,4319 Bowser Avenue,329500,32.81794,-96.811246
90,2340 Peavy Place,340000,32.824017,-96.682799
91,5200 Keller Springs Road,349900,32.967605,-96.818464
92,2435 Hillsboro Avenue,349900,32.816262,-96.673644
93,17928 Brent Drive,359000,32.995416,-96.861719
94,2121 Kessler Court,369000,32.763203,-96.845482
95,8949 Boundbrook Avenue,374900,32.898765,-96.757416
96,12618 Trenton Drive,375000,32.920939,-96.718024
97,2504 Kingsridge Drive,385000,32.992915,-96.870083
98,2360 Peavy Place,389000,32.823806,-96.68375
99,10660 Longmeadow Drive,390000,32.875653,-96.700839
100,8634 Lockhaven Drive,390000,32.867192,-96.707423
101,8783 Oak Stream,390000,32.897585,-96.721575
102,9747 E Lake Highlands Drive,395000,32.846442,-96.704463
103,6226 La Cosa DR,407800,31.81933,-92.32986
104,11060 Wallbrook Drive,415000,32.87523,-96.691747
105,3928 Walden Way,425000,33.000024,-96.845096
106,6720 Natures Way,425900,32.685089,-96.936217
107,4103 Country Brook Drive,439000,32.998296,-96.839854
108,3139 Whirlaway Road,440000,32.882124,-96.870285
109,8105 Claremont Drive,450000,32.801492,-96.708781
110,3501 Dickason Avenue,454900,32.805949,-96.806996
111,10315 Cromwell Drive,459000,32.886426,-96.862768
112,9102 Summer Glen,465000,32.895062,-96.747325
113,3228 Altman Drive,475000,32.889301,-96.871604
114,10211 Carry Back Circle,485000,32.885213,-96.873901
115,917 N Beckley Avenue,487500,32.754503,-96.823174
116,915 N Beckley Avenue,487500,32.754369,-96.823175
117,909 N Beckley Avenue,487500,32.754247,-96.823194
118,112 W 5 th Street,487500,32.754502,-96.823483
119,4962 Fuqua Street,495000,32.80987,-96.779302
120,6218 Reiger Avenue,499000,32.808239,-96.748621
121,10619 Lakemere Drive,499900,32.875261,-96.702521
122,10548 Wyatt Street,499999,32.84858,-96.695103
123,3836 Antigua Drive,500000,32.919229,-96.849789
124,1771 McCoy Street,519000,32.796379,-96.789036
125,4060 Travis Street,525000,32.814603,-96.794611
126,4931 Jack Court,525000,32.807422,-96.776399
127,4319 Firebrick Lane,525000,32.999155,-96.835619
128,1520 San Saba Drive,535000,32.823229,-96.701029
129,118 N Winnetka Avenue,535000,32.745866,-96.841282
130,7138 Tabor Drive,549000,32.877522,-96.736913
131,6926 Vivian Avenue,549900,32.804123,-96.737317
132,7606 Kevin Drive,550000,32.982554,-96.777127
133,2055 Angelina Drive,579900,32.790663,-96.855682
134,4029 Bowser Avenue,585000,32.815187,-96.807857
135,7610 Dunoon Avenue,589900,32.979081,-96.776488
136,5227 Homer Street,599750,32.818336,-96.782991
137,7845 Blackbird Lane,649900,32.86466,-96.726851
138,818 Cordova Street,650000,32.803073,-96.742277
139,6406 La Manga Drive,659500,31.81933,-92.32986
140,2813 State Street,669000,32.796853,-96.798807
141,5616 Willow Wood Lane,674900,33.011166,-96.812351
142,8914 Santa Clara Drive,675000,32.822714,-96.706424
143,10746 Royal Springs Drive,699000,32.894507,-96.844451
144,5505 Ellsworth Avenue,729000,32.833932,-96.773713
145,8110 San Cristobal Drive,749900,32.807251,-96.71753
146,5827 Morningside Avenue,765000,32.829184,-96.766745
147,5806 Royal Crest Drive,775000,32.898729,-96.810176
148,5935 Royal Crest Drive,785000,32.89972,-96.805921
149,6122 Richmond Avenue,799000,32.815879,-96.760639
150,6243 Monticello Avenue,799000,32.826869,-96.756359
151,1 Royal Way,799000,32.894603,-96.810646
152,4228 Glenaire Drive,815000,32.895267,-96.836623
153,4612 Live Oak Street,825000,32.800633,-96.774348
154,6882 Avalon Avenue,829500,32.818011,-96.740335
155,5334 Morningside Avenue,840000,32.828841,-96.778177
156,5301 Merrimac Avenue,869900,32.8276,-96.779735
157,6664 Yosemite Lane,895000,32.837383,-96.745433
158,9231 Moss Haven Drive,895000,32.8927,-96.744621
159,3739 Vinecrest Drive,899000,32.89845,-96.854311
160,4748 Hallmark Drive,940000,32.905113,-96.824904
161,8510 Catawba Road,974900,32.857439,-96.835062
162,7602 Roper Street,1095000,32.848541,-96.829754
163,7007 Inwood Road,1100000,32.842683,-96.821961
164,16118 Ranchita Drive,1119000,32.968937,-96.799907
165,16208 Ranchita Drive,1150000,32.969496,-96.799556
166,14140 Valley Creek Drive,1195000,32.941749,-96.778976
167,2119 Madera Street,1320000,32.813767,-96.776043
168,22 Vanguard Way,1399000,32.903054,-96.763533
169,6506 Barnsbury Court,1425000,32.979272,-96.794866
170,6725 Gaston Avenue,1500000,32.816654,-96.745484
171,7021 Stone Meadow Drive,1695000,32.915337,-96.783025
172,6711 Aberdeen Avenue,1850000,32.882492,-96.789538
173,112 W 5th Street,1950000,32.754502,-96.823483
174,6630 Northport Drive,2150000,32.890104,-96.79023
175,7219 Marquette Street,2200000,32.861592,-96.782039
176,6823 Northport Drive,2990000,32.890697,-96.787425
177,4110 Cochran Chapel,3195000,32.860136,-96.841678
178,1747 Leonard Street,3950000,32.789716,-96.796869
179,2060 Echo Lake Drive,97000,32.678918,-96.613333
180,6646 E Lovers LN 1501,99900,32.854126,-96.746062
181,5325 Bent Tree Forest Drive,119000,32.965458,-96.8182
182,8555 Fair Oaks Crossing,150000,32.896011,-96.72844
183,10427 Benbrook Drive,154500,32.836583,-96.669091
184,13753 Biggs Street,155000,32.680785,-96.592005
185,4777 Cedar Springs Road,160000,32.818471,-96.82138
186,5300 Keller Springs Road,160000,32.967637,-96.816537
187,1945 New Haven Drive,164900,32.746263,-96.646928
188,9222 Church Road,179900,32.885031,-96.732607
189,11302 Castolon Drive,180000,32.848728,-96.677874
190,150 Buttercup Lane,180000,33.547837,-85.175921
191,1337 Kingsley Drive,181900,32.684858,-96.802634
192,14277 Preston Road,185000,32.943501,-96.804582
193,3883 Turtle Creek Boulevard,195000,32.815585,-96.799389
194,5757 E University Boulevard,195000,32.84669,-96.768683
195,4605 Cedar Springs Road,205000,32.817012,-96.820299
196,9202 Firelog Lane,205000,32.922051,-96.737636
197,7616 Texridge Drive,209000,32.656176,-96.823803
198,11812 Flamingo Lane,215000,32.856335,-96.677469
199,9721 Smokefeather Lane,220000,32.920941,-96.738452
200,10938 Desdemona Drive,225000,32.846163,-96.678518
201,4031 Holland Avenue,232500,32.815869,-96.807056
202,7702 Ike Avenue,234900,32.653749,-96.821945
203,2436 Oak Dale Road,239900,32.676182,-96.781097
204,4242 Buena Vista Street,240000,32.818763,-96.793797
205,6903 Sammy Circle,245000,32.665117,-96.885884
206,6131 Lewisburg Lane,249900,32.672669,-96.889833
207,9963 Constance Street,250000,32.87869,-96.860029
208,9209 Sweetwater Drive,250000,32.810805,-96.690283
209,3139 Dusty Oak Drive,259900,32.766495,-96.668087
210,9246 Emberglow Lane,260000,32.916552,-96.736977
211,4920 Hollow Ridge Road,269700,32.780134,-96.705016
212,9408 Thornberry Lane,299900,32.86364,-96.846376
213,1511 Matagorda Drive,300000,32.674011,-96.844878
214,1323 Saint Joseph Street,310000,34.05013,-77.893075
215,6314C Bandera Avenue,315000,32.867211,-96.797707
216,6211 W Northwest Highway,317000,32.781179,-96.790329
217,4107 Bowser Avenue,319000,32.815637,-96.808542
218,6830 Prairie Flower Trail,319000,32.778342,-96.701348
219,3190 Lockmoor Lane,325000,32.878766,-96.871528
220,2427 Catherine Street,329500,32.738437,-96.857982
221,4325 Bowser Avenue,329900,32.818138,-96.811473
222,2710 Kimsey Drive,350000,32.824799,-96.83661
223,4017 Buena Vista Street,355000,32.814111,-96.796887
224,7603 Kenwell Street,374900,32.848547,-96.827705
225,1725 Bennett Avenue,374900,32.807569,-96.776467
226,3251 Leahy Drive,375000,32.896376,-96.867622
227,2812 Alden Avenue,375000,32.741953,-96.866087
228,1529 Seegar Street,379900,32.768817,-96.787088
229,9612 Ferndale Road,389000,32.877146,-96.708197
230,3847 Stockton Lane,389000,32.999692,-96.847248
231,1500 Pecos Street,390000,32.79626,-96.784572
232,2638 Alco Avenue,400000,32.746539,-96.861967
233,6226 La Cosa Drive,407800,31.81933,-92.32986
234,3227 Citation Drive,415000,32.883196,-96.868
235,3715 Valley Ridge Road,415000,32.877831,-96.855452
236,2323 N Houston Street,425000,32.785836,-96.809111
237,409 S Rosemont Avenue,430000,32.74156,-96.848232
238,1914 Euclid Avenue,448000,32.813479,-96.773356
239,1823 Naylor Street,450000,32.832078,-96.686837
240,2015 Kidwell Street,450000,32.81491,-96.754457
241,3024 Zenia Drive,451000,32.79528,-96.79164
242,10426 Royalwood Drive,455000,32.883447,-96.704956
243,2828 Hood Street,469900,32.805223,-96.809067
244,3924 Belton Drive,475000,33.001644,-96.845323
245,7036 Winchester Street,475000,32.8624,-96.74073
246,6907 Middle Cove Drive,475000,32.970566,-96.788501
247,6035 Ellsworth Avenue,479900,32.834332,-96.762682
248,6054 Winton Street,495000,32.835463,-96.761902
249,7952 Minglewood Lane,499000,32.889032,-96.761476
250,6558 Laurel Valley Road,500000,32.96649,-96.794061
251,2411 N Hall Street,507000,32.800233,-96.795408
252,2417 Thatcher Drive,515000,32.813827,-96.779925
253,5331 Holland Avenue,520000,32.82763,-96.820472
254,3390 Northaven Road,525000,32.90162,-96.863576
255,2217 Annex Avenue,535000,32.807389,-96.783453
256,3999 Goodfellow Drive,545000,32.909199,-96.843646
257,4030 Travis Street,550000,32.81391,-96.794869
258,2411 Hall Street,560000,32.800233,-96.795408
259,10006 Milltrail Drive,589900,32.891179,-96.714903
260,4211 Rawlins Street,595000,32.814675,-96.812017
261,9634 Shoreview Road,599000,32.865262,-96.720611
262,5120 Vandelia Street,614700,32.822031,-96.822495
263,6726 Crestland Avenue,615950,32.989692,-96.787475
264,7103 Nicki Court,649900,32.994869,-96.780979
265,6811 Ledyard Drive,649950,32.978096,-96.790021
266,7331 Roundrock Road,674900,32.956834,-96.780143
267,4914 Reiger Avenue,689000,32.796375,-96.763943
268,4222 Meadowdale Lane,699000,32.889866,-96.83741
269,11727 Welch Road,699000,32.908901,-96.829976
270,5522 W Amherst Avenue,714900,32.851931,-96.818112
271,4408 Mill Run Road,724900,32.923816,-96.834085
272,3911 Gilbert Avenue,784900,32.815303,-96.804505
273,6538 Trammel Drive,815000,32.845292,-96.747781
274,7121 Lakehurst Avenue,840000,32.884675,-96.781519
275,4324 Twin Post Road,859000,32.919176,-96.835589
276,6159 Ellsworth Avenue,899000,32.834334,-96.75905
277,9610 Lanshire Drive,899900,32.868162,-96.720094
278,5926 Flintshire LN,925000,33.003317,-96.804402
279,5926 Flintshire Lane,925000,33.003317,-96.804402
280,12526 Sunlight Drive,975000,32.919255,-96.801386
281,7127 Casa Loma Avenue,995000,32.812144,-96.734163
282,3401 Lee Parkway,999999,32.809908,-96.804427
283,2700 Thomas Avenue,1050000,32.795427,-96.798116
284,9535 Fieldcrest Drive,1050000,32.876039,-96.722084
285,6217 Ellsworth Avenue,1135000,32.83404,-96.757493
286,7139 Midcrest Drive,1175000,32.946882,-96.780765
287,5327 Vanderbilt Avenue,1265900,32.82477,-96.778758
288,11316 Valleydale Drive,1275000,32.903486,-96.772275
289,13 Lakeside Park,1295000,32.860017,-96.771941
290,4719 Junius Street,1400000,32.798157,-96.770202
291,6323 Royalton,1495000,32.781179,-96.790329
292,5922 Joyce Way,1525000,32.878499,-96.805783
293,4129-4133 Herschel Avenue,1875000,32.820965,-96.80557
294,4129-33 Herschel Avenue,1875000,32.820966,-96.805692
295,5510 Lindenshire Lane,2049000,32.912378,-96.814171
296,2430 Victory Park Lane,2100000,32.78779,-96.808977
297,4420 Ridge Road,2199000,32.883177,-96.833654
298,1810 N Garrett Avenue,95000,32.809049,-96.775039
299,4228 Copeland Street,99000,32.770841,-96.744032
300,11655 Audelia Road,110000,32.907828,-96.718881
301,5550 Spring Valley,112000,32.938982,-96.81258
302,4859 Cedar Springs Road,124900,32.819319,-96.822539
303,2915 Marburg Street,140500,32.758689,-96.752879
304,4748 Old Bent Tree Lane,149990,33.001202,-96.827357
305,15221 Berry Trail,155000,32.954166,-96.801614
306,15909 Stillwood Drive,155000,32.965357,-96.806046
307,11348 Park Central Place,165000,32.904804,-96.770896
308,2245 E Overton Road,173900,32.708051,-96.792481
309,1310 Mentor Avenue,199000,32.688919,-96.805313
310,2529 Fenwick Drive,204900,32.84219,-96.669706
311,7311 Hardwood Trail,209900,32.63706,-96.95016
312,9419 Eddy Sass Court,210000,32.775465,-96.661344
313,4414 Cedar Springs Road,217000,32.815604,-96.816429
314,4000 Hamilton Avenue,225000,32.773984,-96.7518
315,9129 Laneyvale Avenue,229000,32.727485,-96.66228
316,2668 Healey Drive,229000,32.824868,-96.668316
317,2730 Emmett Street,279000,32.732711,-96.864954
318,11333 Dumbarton Drive,280000,32.849622,-96.654186
319,13216 Meandering Way,289900,32.928288,-96.774573
320,5132 Westgrove,295000,32.781179,-96.790329
321,7130 Rolling Fork Drive,298000,32.790802,-96.690053
322,2970 Sundial Drive,299000,32.901004,-96.878447
323,130 Appian Way,315000,32.730571,-96.8212
324,2512 Springhill Drive,324900,32.814302,-96.697175
325,12323 High Meadow Drive,325000,32.916009,-96.859111
326,1318 Melbourne Avenue,325000,32.723035,-96.844112
327,4310 Rosser Square,335000,32.920653,-96.84535
328,2415 Stutz Drive,335000,32.822317,-96.839391
329,2030 Trinidad Drive,335987,32.672868,-96.851782
330,3236 Tower Trail,340000,32.905439,-96.86888
331,6735 Webster Street,344900,32.840753,-96.833517
332,406 S Montreal Avenue,350000,32.742044,-96.853795
333,4123 Lawngate Drive,350000,33.003239,-96.839931
334,3908 Kiestmeadow Drive,359900,32.709388,-96.884244
335,874 Peavy Road,365000,32.845412,-96.705817
336,1402 Seevers Avenue,389000,32.730395,-96.821302
337,10638 Sandpiper Lane,389999,32.891016,-96.779469
338,928 Stillmeadow Road,394950,32.675144,-96.838558
339,2529 Fenestra Drive,395000,32.806151,-96.698154
340,2220 Canton Street,415000,32.780183,-96.788467
341,3511 Dickason Avenue,435000,32.805968,-96.807404
342,1826 Mapleton Drive,439000,32.822542,-96.684761
343,5030 Pershing Street,449000,32.817652,-96.786686
344,7209 Bennington Drive,450000,32.851067,-96.739078
345,634 Bizerte Avenue,469000,32.726521,-96.833486
346,6024 Victor Street,475000,32.807247,-96.752033
347,628 Blanning Drive,489000,32.851879,-96.705927
348,418 S Willomet Avenue,490000,32.741755,-96.840167
349,3957 High Summit Drive,499000,32.919006,-96.847686
350,7714 Caillet Street,500000,32.849965,-96.824513
351,4411 Sexton Lane,515000,32.887045,-96.834165
352,4924 Forest Bend Road,549000,32.922838,-96.824268
353,5605 Northaven Road,549000,32.902525,-96.811526
354,12231 Snow White Drive,552000,32.915576,-96.843544
355,1066 N Buckner Boulevard,559000,32.8365,-96.704411
356,8711 San Leandro Drive,575000,32.81878,-96.70513
357,7631 Meadow Road,616900,32.886758,-96.775341
358,4725 Manett Street,619000,32.811887,-96.785154
359,7943 Xavier Court,639000,32.807127,-96.722809
360,6135 Belmont Avenue,675000,32.817491,-96.760169
361,8258 Vitex Avenue,690500,32.962811,-96.726826
362,8226 Vitex Avenue,700500,32.962811,-96.726826
363,8242 Vitex Avenue,720500,32.962811,-96.726826
364,8016 Cool River Drive,305000,33.146336,-96.856347
365,10005 Ashmont Drive,350000,33.110108,-96.793343
366,949 Imperial Valley Lane,430000,33.133072,-96.902123
367,12350 Flowering Drive,500000,33.179873,-96.766849
368,2079 Alcove Drive,640000,33.106488,-96.872958
369,3 Southern Hills Court,725000,33.097608,-96.842234
370,16492 Creek Plum Road,725000,32.796608,-96.954903
371,11707 Coronado Trail,769900,39.558929,-106.133183
372,4151 Castle Bank Lane,1050000,33.16393,-96.852086
373,10313 BURGUNDY Drive,295000,33.134644,-96.79166
374,9152 Apollo Court,345000,33.154037,-96.852357
375,15738 Durango Drive,350000,33.178376,-96.738276
376,9581 Magnolia Road,369900,33.155543,-96.819884
377,1692 Dowelling Court,379900,33.150839,-96.876794
378,15833 Rockingham Street,395000,33.15735,-96.9186
379,1924 Dexter Lane,423550,33.136018,-96.909514
380,11566 Caladium Lane,465000,33.173277,-96.753868
381,9629 Planters Row Drive,479000,33.15876,-96.886331
382,10196 Ferry Farm Lane,505000,33.177484,-96.791652
383,1946 Countryside Drive,520000,33.128747,-96.873776
384,5498 Balmoral Drive,530000,33.099011,-96.840274
385,8260 Fairview Drive,540000,33.157939,-96.81169
386,13761 Stallion Heights Lane,547000,33.190791,-96.776374
387,13942 Badger Creek Drive,549900,33.194335,-96.874422
388,698 Caveson Drive,570000,33.151221,-96.896234
389,15199 Mountain Creek Trail,595900,33.136842,-96.741038
390,11761 Orange Court,599900,33.175402,-96.775796
391,1745 Evening Star Road,625000,32.920435,-96.985989
392,3331 Cedar Creek Trail,625000,33.140675,-96.860353
393,11248 Tavern Creek Court,639500,33.114752,-96.78191
394,10229 Fire Ridge Drive,725000,33.164542,-96.863466
395,5627 Miramar Drive,725000,33.100117,-96.839022
396,12858 Palo Duro Drive,749000,33.185024,-96.842612
397,5951 Beacon Hill Drive,775000,33.127983,-96.881347
398,13272 Ignatius Drive,785000,33.135091,-96.762804
399,12977 Railhead Court,869900,33.186301,-96.853819
400,4171 Mission Avenue,909000,33.142295,-96.852491
401,5111 Stillwater Trail,925000,33.120651,-96.842765
402,5125 Normandy Drive,1099000,33.111368,-96.843326
403,12262 Genova Court,1100000,33.179841,-96.799036
404,7 Harbour Town Court,1200000,33.096489,-96.843536
405,6006 Connely Drive,1200000,33.129076,-96.81576
406,12684 Riverhill Road,1299000,33.183121,-96.851068
407,6203 Sweeney Trail,1895000,33.130072,-96.833879
408,9805 Concord Drive,295000,33.13468,-96.797119
409,2249 Lariat Trail,324900,33.133014,-96.9218
410,13160 Guerin Drive,325000,33.187186,-96.793222
411,7297 Chinquapin Drive,325000,33.170906,-96.82066
412,6848 Regello Drive,340000,33.125764,-96.824733
413,9758 Golden Fountain Drive,350000,33.158524,-96.854304
414,2450 Thorntree Drive,369000,33.171951,-96.869568
415,12506 Melrose Lane,369900,33.133286,-96.768317
416,5904 Louisville Drive,375000,33.127181,-96.776795
417,12732 Hollister Drive,389000,33.184245,-96.859618
418,2910 Reynolds Lane,389900,33.181553,-96.863862
419,15833 Rockingham ST,395000,33.15735,-96.9186
420,9812 Adolphus DR,400000,33.121274,-96.79452
421,7601 Blossom Lane,439900,33.14437,-96.818086
422,12004 Rushing Creek Drive,445900,33.120595,-96.773563
423,9991 Slick Rock Trail,449900,33.161065,-96.867143
424,9569 Lance DR,460000,33.193741,-96.798193
425,9569 Lance Drive,460000,33.193741,-96.798193
426,12299 Antler Drive,465000,33.190451,-96.772382
427,11025 Villita Street,475000,33.198636,-96.784223
428,1090 Frisco Ranch Road,489900,32.825907,-96.966915
429,1690 Foard Drive,499000,33.093513,-96.838002
430,7152 Maumee Valley Court,500000,33.138649,-96.904151
431,2397 Mackinac Drive,509900,33.190411,-96.869839
432,6341 Lorwood Drive,579000,33.131016,-96.738645
433,9547 Amberwoods Lane,599900,33.194572,-96.798247
434,1403 Crockett Drive,625000,33.160585,-96.879541
435,15692 Atkins Lane,675000,33.170054,-96.735571
436,5358 Moss Glen Drive,889000,33.124186,-96.841922
437,6198 Rachel Drive,900000,33.131416,-96.834231
438,3499 Cedar Cottage Circle,939900,33.107933,-96.875581
439,7380 Calla Lilly Lane,968000,33.139518,-96.858607
440,6756 Stallion Ranch Road,970000,33.135504,-96.878035
441,6281 Memorial Drive,1100000,33.131286,-96.814133
442,8400 Hickory Street,290000,33.147931,-96.808882
443,13959 Stevens Point Drive,330000,33.194678,-96.872966
444,11708 Beach Street,375000,33.138896,-96.929214
445,9413 Prestmont Place,395000,33.111074,-96.800081
446,4042 Guadalupe Lane,397000,33.116636,-96.853949
447,7927 Canal Street,425000,33.144065,-96.852624
448,2649 Marshall Drive,437500,33.15882,-96.867442
449,11564 Santa Maria Road,459900,33.1938,-96.778496
450,13714 French Creek Lane,475000,33.191394,-96.76999
451,13767 Monstrell Road,510000,33.191574,-96.793783
452,8326 Sitka Street,515000,33.146723,-96.799221
453,11777 Estacado Drive,548000,33.176547,-96.877195
454,2771 Barnhill Lane,550000,33.125252,-96.866189
455,14694 Mediterranean Drive,550000,33.199321,-96.798513
456,10923 Chilmark Court,599000,33.181502,-96.785332
457,5611 Lightfoot Lane,625000,33.125376,-96.885696
458,1567 San Andres Drive,675000,33.177347,-96.877449
459,14121 Berryfield Lane,759000,33.157654,-96.754397
460,13162 Ignatius Drive,799900,33.135164,-96.763573
461,984 Havenbrook Lane,800000,33.125005,-96.88383
462,4849 Northshore Drive,899900,33.113979,-96.845878
463,4520 Florence Drive,930000,33.1123,-96.849238
464,5733 Travis Drive,1200000,33.096267,-96.838065
465,3050 Briarwood Lane,1299000,33.10487,-96.834199
466,6440 Memorial Drive,1699000,33.1328,-96.816156
467,5205 Mosscreek Lane,319999,33.121378,-96.774714
468,12018 Chattanooga Drive,339999,33.130176,-96.772792
469,638 Enfield Drive,359900,33.151158,-96.886641
470,10045 Bell Rock Road,365000,33.138019,-96.794839
471,9706 Prestmont Place,397000,33.111513,-96.797436
472,5871 Rivendell Drive,435000,33.126914,-96.791199
473,561 Meandering Lane,702045,33.209604,-96.886503
474,12886 Five Bar Drive,775000,33.132233,-96.766493
475,3749 Marble Hill Road,962309,33.012135,-96.534936
476,6259 Loxton Boulevard,989000,33.146336,-96.856347
477,5964 Burkett Drive,1100000,33.126757,-96.840964
478,11821 Summer Springs Drive,314900,33.1368,-96.927885
479,12502 Melrose Lane,315000,33.13324,-96.768621
480,12144 Cardinal Creek Drive,329000,33.179413,-96.881424
481,11911 Chattanooga Drive,339990,33.129748,-96.774125
482,8500 Beartooth Drive,400000,33.149016,-96.876343
483,8212 Wharf Street,410000,33.147269,-96.77854
484,2138 Mustang Trail,425000,33.163834,-96.872469
485,14157 Salmon Drive,425000,33.171829,-96.753845
486,8550 Holly Street,430000,33.146393,-96.811711
487,9617 Robinwoods Drive,535000,33.196219,-96.797572
488,10204 Fire Ridge Drive,555000,33.164319,-96.862908
489,8312 Kara Creek Road,750000,33.147779,-96.88664
490,2387 Alcove Drive,1097394,33.173078,-96.92873
491,9651 Vita Dolce Drive,1099900,33.179807,-96.797399
492,2766 Sparks Drive,350000,33.151195,-96.867197
493,4408 Ripplewood Road,399999,33.115277,-96.782276
494,9704 Legend Trail,429000,33.140675,-96.797651
495,16405 Prairie Oak Road,669000,32.664953,-97.024692
496,12709 Grand Valley Drive,728900,33.183786,-96.859177
497,6797 Reims Court,2099000,33.133847,-96.813706
498,11800 Kurth Drive,305000,33.141152,-96.929033
499,10100 Oxbow Avenue,576918,33.161035,-96.759316
500,774 Caveson Drive,599900,33.151232,-96.897086
501,10744 Manuel Street,604924,33.167148,-96.762893
502,11371 Pear Ridge Drive,325000,33.138588,-96.781093
503,15812 Langsdale Street,360000,33.156789,-96.917779
504,9657 Stratton Drive,439000,33.206115,-96.796912
505,6468 Stallion Ranch Road,565000,33.133101,-96.875827
506,14040 Raspberry Lane,565000,33.171428,-96.754667
507,5270 Town and Country Boulevard,750000,32.378061,-96.166077
508,13327 Terlingua Creek Drive,815000,33.019843,-96.698886
509,7134 Calypso Lane,1150000,33.146336,-96.856347
510,9040 3rd Street,275000,33.152276,-96.825683
511,8256 Short Street,339000,33.146376,-96.831924
512,2396 Beachfront Drive,339900,33.142045,-96.913251
513,4920 Baton Rouge Boulevard,368900,33.119597,-96.787096
514,11498 La Grange Drive,390000,33.176209,-96.778662
515,11302 Tenison Lane,474900,33.170502,-96.868865
516,12513 Flowering Drive,475000,33.180792,-96.767436
517,1317 Alamo Court,479900,33.176473,-96.879979
518,13378 Chittamwood Lane,489900,33.181662,-96.759207
519,12923 Yale Court,499900,33.14294,-96.765881
520,15867 Christopher Lane,524900,33.170813,-96.734899
521,1057 Gentle Wind Lane,550000,33.118865,-96.883205
522,9823 Gristmill Lane,557997,33.107277,-96.797141
523,8443 Wild Rye Road,688000,33.146035,-96.742286
524,5459 Widgeon Way,849900,33.124039,-96.828434
525,4734 Heritage Oaks Drive,1275000,33.117612,-96.837405
526,5855 Arminta Avenue,1300000,33.116895,-96.835981
527,15 Riva Ridge,3845000,33.099853,-96.833487
528,11995 Westlawn Lane,320000,33.176647,-96.861969
529,2260 Lariat TRL,350000,33.133665,-96.922383
530,6508 Liberty Court,412000,33.132282,-96.771123
531,8234 Robertson DR,415000,33.146847,-96.866856
532,8514 Brown Stone Lane,475000,33.17335,-96.807904
533,4184 Republic DR,475000,33.114606,-96.852745
534,11322 Raveneaux Drive,525000,33.171308,-96.864719
535,5356 Highflyer Hills Trail,749900,33.1233,-96.88302
536,3823 Broadmoor Way,1999999,33.178424,-96.854746
537,15608 Cornwallis Street,340000,33.158276,-96.915917
538,2260 Lariat Trail,350000,33.133665,-96.922383
539,9500 Crossvine Lane,499000,33.115768,-96.79951
540,1515 Courtland Drive,2499000,33.111156,-96.871708
541,5001 Hidden Pond Drive,280000,33.1428,-96.918306
542,6512 Clydesdale Court,329995,33.131575,-96.836901
543,3805 Moorcroft Road,340000,33.157795,-96.922806
544,1070 Imperial Valley Lane,345000,33.132797,-96.903294
545,10108 Preston Vineyard Drive,350000,33.136664,-96.793973
546,1416 Pelican Drive,365000,33.191097,-96.879527
547,6262 Rainbow Valley Place,376000,33.128685,-96.788098
548,10908 Spring Lake Road,395000,33.115748,-96.784182
549,1191 Pasatiempo Drive,489900,33.13817,-96.901026
550,554 Quarter Horse Lane,600000,29.417188,-81.355409
551,7025 Pecan Chase Lane,630000,33.136968,-96.867223
552,6974 Irongate Place,650000,33.137017,-96.868566
553,3918 Fairbanks Drive,825000,33.146336,-96.856347
554,1 Pasture Place,975000,33.154872,-96.821736
555,5413 Braemar Drive,1050000,33.097348,-96.841333
556,1747 Garrison Drive,375000,33.154525,-96.87561
557,1112 Resaca Drive,379900,33.156661,-96.882969
558,5210 Golfside Drive,419900,33.121258,-96.769687
559,2397 Mackinac DR,509900,33.190411,-96.869839
560,10627 Buccaneer Point,949000,33.123619,-96.928897
561,8201 Bells Street,298000,33.14684,-96.785554
562,5434 Travis Drive,500000,33.096969,-96.841005
563,11292 Berkeley Hall Lane,592000,33.172357,-96.853557
564,3304 Hartford Lane,775000,33.168463,-96.861835
565,7684 Traveller Street,895000,33.141882,-96.851934
566,7 Riva Ridge,3499000,33.100103,-96.831709
567,13033 Galaxy Drive,289000,33.186108,-96.796219
568,4220 Armistice Drive,320000,33.113757,-96.85231
569,7326 Sprangletop ST,340000,33.178156,-96.820408
570,16008 Royston Street,354900,33.160051,-96.920322
571,3713 Wrexham Street,380000,33.158543,-96.918389
572,7692 Fossil Ridge Drive,449900,33.143941,-96.818696
573,11394 Lenox Lane,915000,33.17189,-96.855601
574,15618 Brookwood Drive,475000,33.136474,-96.737758
575,4138 Honor Drive,515000,33.109794,-96.853259
576,8300 Christie Drive,320000,33.152311,-96.811487
577,2503 Windgate Lane,378000,33.154481,-96.868791
578,15115 Blakehill Drive,450000,33.126102,-96.743716
579,9661 Needles,545686,33.146336,-96.856347
580,11341 Lenox Lane,910000,33.171208,-96.856273
581,2171 Prospect Drive,1000000,33.136035,-96.872964
582,5900 Chamberlyne Drive,1575000,33.126688,-96.835654
583,8502 Holly Street,179000,33.1459,-96.812089
584,12700 Skeeter Drive,269900,33.142147,-96.916231
585,8272 Haltered Horse LN,448000,33.147379,-96.884647
586,863 Gladewater Drive,468500,33.158434,-96.884633
587,2865 Reynolds Lane,525000,33.18103,-96.864324
588,1066 Bayfield Drive,530000,33.186234,-96.882643
589,10985 Pike Lake Drive,720000,33.168334,-96.757793
590,2226 Bristlegrass Road,784400,33.146336,-96.856347
591,15699 Thorn Apple Road,792900,33.146336,-96.856347
592,13334 Ignatius Drive,880000,33.135092,-96.762318
593,14205 Red Wood Circle N,520000,33.214071,-96.751696
594,14191 Berryfield Lane,849000,33.157645,-96.753499
595,6728 Firenze Lane,289995,33.127648,-96.826083
596,8833 Beartooth Drive,369950,33.152017,-96.876851
597,7357 Rustling Oaks Road,382500,33.139884,-96.91804
598,3568 Baldcypress Drive,525000,33.159644,-96.858166
599,10894 Panorama Drive,545000,33.16736,-96.752745
600,6570 Stallion Ranch Road,589000,33.133964,-96.876688
601,15643 Cherry Blossom,761061,33.019843,-96.698886
602,15375 Viburnum Road,999000,33.150476,-96.74235
603,5085 Normandy Drive,1190000,33.111369,-96.843664
604,662 Pendle Forest Drive,375000,33.152207,-96.886333
605,9993 Wyndbrook Drive,435000,33.149821,-96.793912
606,8125 Sedum Carpet,468720,33.144224,-96.740119
607,15753 Shasta Daisy Road,510073,33.143504,-96.738391
608,1217 Roma Drive,565000,33.120727,-96.902409
609,5029 Brandywine Lane,1375000,33.120284,-96.837804
610,8070 Rock Brook Street,299000,33.142153,-96.808971
611,4339 Bal Harbour Lane,600000,33.170862,-96.850761
612,3148 Fish Hook Lane,315000,33.146336,-96.856347
613,8747 Anacua Road,630000,33.149252,-96.742451
614,8747 Anacua RD,630000,33.149252,-96.742451
615,13258 Secretariat Boulevard,1199900,33.164887,-96.762912
616,13335 Chittamwood Lane,449000,33.181213,-96.759614
617,1549 Courtland Drive,2595000,33.111156,-96.871708
618,2208 Sturgis Drive,469900,33.195518,-96.871815
619,9610 Beckett Drive,474750,33.204972,-96.797339
620,5410 Keswick Drive,489000,33.09977,-96.840598
621,9790 Staffordshire Road,515500,33.205756,-96.79563
622,11550 Henderson Drive,330000,33.178694,-96.778569
623,7039 Maumee Valley Court,639000,33.138842,-96.905328
624,6027 Rivendell Drive,429900,33.127618,-96.791192
625,2114 Lariat Trail,849900,33.13306,-96.923168
626,14981 Foxbriar Lane,730000,33.167817,-96.745264
627,11412 Sadie Street,365000,33.141261,-96.932805
628,1170 Shortgrass Lane,449900,33.146336,-96.856347
629,5074 Statesman Lane,775000,33.120962,-96.884785
630,6249 Aylworth DR,475000,33.129838,-96.750081
631,7312 Panicum Drive,384990,33.180379,-96.820123
632,15643 Carnoustie Lane,510500,33.207215,-96.796957
633,8024 Splitbeard Road,911640,33.142311,-96.736339
634,3148 Fish Hook LN,315000,33.146336,-96.856347
635,16619 Nightshade Road,575000,33.146336,-96.856347
636,14813 Speargrass Drive,476619,33.146336,-96.856347
637,7832 Buffaloberry Road,569400,33.140686,-96.739301
638,7824 Buffaloberry Road,589900,33.140686,-96.739481
639,2933 Shenandoah Drive,2350000,33.103566,-96.834357
640,8711 6th Street,650000,33.148474,-96.823412
641,1224 Crockett Drive,700000,33.161005,-96.881587
642,15752 Foliage Road,639900,33.140358,-96.738642
643,7606 Traveller Street,810000,33.141548,-96.852126
644,4189 Hazelwood Avenue,899990,32.776671,-97.009389
645,12605 Waterslide Way,375000,33.145207,-96.917115
646,1181 Ducks Landing,384800,33.184604,-96.881466
647,4400 Ballymena Drive,415000,33.115703,-96.850574
648,15696 Carnoustie Lane,515500,33.207277,-96.795997
649,2544 Horsetail,745400,33.146336,-96.856347
650,15680 Custer Trail,1156500,33.167359,-96.737382
651,2887 Montreaux Drive,1399999,33.103333,-96.839176
652,13230 Sellaronda Way,757000,33.129165,-96.763264
653,9188 Williams Place,349900,33.151948,-96.81636
654,9723 Stratton Drive,454000,33.206115,-96.796358
655,3975 Marble Hill Road,922000,33.012135,-96.534936
656,5209 Madison Drive,369900,33.12166,-96.797131
657,13274 Parnell Place,999900,33.131775,-96.763261
658,4901 Buena Vista Drive,1725000,33.1191,-96.836963
659,10710 Manuel Street,649000,33.166947,-96.762904
660,11092 Snyder Drive,384900,33.177392,-96.783443
661,2452 Horsetail,659900,33.146336,-96.856347
662,15831 Terenwood Street,662900,33.139817,-96.738342
663,7527 Perennial Street,664900,33.139578,-96.739445
664,2408 Horsetail Road,761900,33.146336,-96.856347
665,5502 Monterey Drive,2629000,33.124225,-96.836464
666,3766 Ladera Heights Boulevard,986019,33.146336,-96.856347
667,3794 Marble Hill Road,1072882,33.012135,-96.534936
668,6199 Stockwell Drive,1192851,33.146336,-96.856347
669,5663 Edmonton Avenue,1603552,33.146336,-96.856347
670,2396 Courtland Drive,2999999,33.112488,-96.870199
671,6329 Paragon Drive,450000,33.131817,-96.920501
672,12025 Blake Place,1898000,33.153414,-96.9288
673,12045 Blake Place,1948000,33.152878,-96.929289
674,5979 Rivendell Drive,425900,33.127371,-96.791199
675,8598 Kincaid Lane,499990,33.146336,-96.856347
676,3569 Midwick Drive,2899000,33.146336,-96.856347
677,2481 Haft River Road,1152990,33.146336,-96.856347
678,12310 Harvest Meadow Drive,2505000,33.019843,-96.698886
679,1434 Gray Fox Lane,518281,29.140881,-81.237706
680,6179 Blythe Drive,419000,33.129015,-96.789356
681,5243 Spicewood Lane,2100000,33.122293,-96.830564
682,11205 Knoxville Lane,479475,33.126491,-96.781156
683,7700 Jennifer,325000,33.146336,-96.856347
684,12556 Littlefield Drive,382000,33.181758,-96.772592
685,7340 Goose Creek Drive,779344,33.146336,-96.856347
686,5395 Statesman Lane,780000,33.123621,-96.886309
687,2250 Lead Plumb Drive,783424,33.146336,-96.856347
688,13734 Gabriel,835098,33.146336,-96.856347
689,6275 Chamberlyne Drive,3200000,33.125335,-96.832249
690,5931 Rivendell Drive,399900,33.127162,-96.791199
691,4250 Pebble Creek Court,675000,33.176182,-96.850731
692,7211 Walnut Street,450000,33.15172,-96.820944
693,14756 Speargrass Drive,463501,33.146336,-96.856347
694,15196 Spider Lily Road,898900,33.151711,-96.743939
695,3772 Hamilton Heights Avenue,1651990,32.664953,-97.024692
696,5687 Edmonton Avenue,1602369,33.146336,-96.856347
697,12616 Joplin Drive,325000,33.144257,-96.916631
698,9754 Staffordshire Road,437500,33.205759,-96.796003
699,15127 Springwood Drive,499000,33.135165,-96.742283
700,11808 Kurth Drive,344900,33.141144,-96.928714
701,1573 Prince William Lane,2750000,33.08808,-96.853869
702,6225 Blythe Drive,414000,33.129226,-96.789143
703,3735 Starling Drive,3899900,33.110219,-96.876084
704,7881 Kings Ridge Road,252000,33.144386,-96.792992
705,6205 Montgomery Drive,295000,33.129697,-96.782824
706,8528 6th Street,350000,33.146657,-96.823536
707,4115 Kearsage Drive,369000,33.112318,-96.814749
708,7236 Joshua Road,382900,33.17673,-96.821672
709,5847 Rivendell Drive,397900,33.126845,-96.791198
710,5963 Rivendell Drive,399900,33.127301,-96.791198
711,6253 Blythe Drive,414000,33.12933,-96.789037
712,7295 Zachery Drive,424900,33.175358,-96.821484
713,7269 Zachery Drive,428900,33.175389,-96.821655
714,7208 Joshua Road,434900,33.176783,-96.821947
715,7242 Pecan Street,450000,33.148323,-96.821608
716,15601 Carnoustie Lane,455000,33.206781,-96.797391
717,7300 Joshua Road,479900,33.176622,-96.821085
718,2877 Nightwind Court,494999,33.12441,-96.865389
719,11947 Cape Royal Lane,499000,33.176843,-96.867003
720,628 Sahallee Drive,537000,33.154129,-96.885148
721,7411 Joshua Road,583900,33.175892,-96.819892
722,8462 Gerbera Daisy Road,743900,33.146936,-96.745794
723,2268 Lead Plumb Drive,744268,33.146336,-96.856347
724,2148 Lead Plumb Drive,766848,33.146336,-96.856347
725,8478 Gerbera Daisy Road,775900,33.147115,-96.745793
726,7073 Goose Creek Road,797804,33.138312,-96.878043
727,7160 Tailwater Trail,1141900,33.146336,-96.856347
728,6008 Briarwood Lane,1174900,33.106275,-96.834966
729,13129 Secretariat Blvd,1224990,33.164401,-96.76404
730,1167 Echols Drive,1799000,33.135791,-96.88143
731,12035 Blake Place,1898000,33.153155,-96.929039
732,1640 Chambord Avenue,1950000,33.146336,-96.856347
733,1700 Hidalgo Lane,2475000,29.808689,-90.85928
734,3232 Tuscan Oaks,2515000,32.885259,-96.942108
735,12438 Harvest Meadow Drive,2549000,33.019843,-96.698886
736,12349 Farmstead Drive,2559000,33.141438,-96.588295
737,3336 Tuscan Oaks Drive,2579000,33.207966,-96.730695
738,3328 Santa Bella,2609858,33.003477,-96.670215
739,3315 Midwick Drive,3225000,33.146336,-96.856347
740,6616 Bluffview Drive,3375000,33.133763,-96.818682
741,2311 Lilac,4100000,33.146336,-96.856347
742,5345 Monterey Drive,4480000,33.122369,-96.835872
743,5 Stonebriar Way,5495000,33.093748,-96.831259
744,3709 Mckinley Drive,212000,33.046945,-96.718098
745,6017 Pinto Court,250000,33.056808,-96.70119
746,4672 Perthshire Court,315000,33.097321,-96.787447
747,934 Windy Meadow Drive,338000,33.055405,-96.712074
748,6512 Texana Way,365000,33.062633,-96.68443
749,3425 Brunchberry Lane,399000,33.061351,-96.760401
750,3700 Straw Harvest Drive,399900,33.036117,-96.765034
751,1400 Kittery Drive,399999,33.01812,-96.787063
752,3705 Longbow Lane,424900,33.064371,-96.76598
753,2224 Dampton Drive,479100,33.076467,-96.73856
754,1809 Sandpiper Lane,537000,33.013444,-96.728137
755,5032 Silver Lake Drive,1150000,33.043618,-96.797274
756,6817 Amaretto Court,2999900,33.069803,-96.841148
757,2104 Willow Bend Drive,4800000,33.029722,-96.812502
758,1605 Tampico Drive,219900,33.03642,-96.726874
759,5 Eastvale Place,287999,33.021275,-96.66702
760,1128 Gannon Drive,290000,33.080185,-96.713942
761,3025 Bonsai Drive,295000,33.042618,-96.859191
762,2905 Newport Circle,319900,33.037494,-96.725698
763,1133 Nickerson Lane,335000,33.008569,-96.62169
764,7616 Capella Court,340000,33.081034,-96.738156
765,4121 Midnight Drive,350000,33.031331,-96.7738
766,7801 Slater Trail,350000,33.082746,-96.709448
767,3809 Solarium Place,355000,33.027561,-96.766341
768,3408 Porter Creek Drive,370000,33.109252,-96.760141
769,7536 Crested Butte Drive,375000,33.080802,-96.725889
770,3817 Graphic Place,390000,33.034881,-96.766805
771,1804 Tampico Drive,394995,33.035905,-96.729065
772,6420 Hermosa Drive,395000,33.060123,-96.793337
773,1800 Switzerland Avenue,400000,33.08319,-96.730144
774,3704 Aransas Drive,415000,33.105091,-96.76599
775,1417 Callaway Drive,415000,33.021901,-96.721195
776,2808 Mollimar Drive,419900,33.022263,-96.748552
777,3552 Bender Trail,424900,33.031977,-96.76172
778,1705 Tawakoni Lane,435000,33.026137,-96.725491
779,2320 Cimmaron Drive,441000,33.098303,-96.736222
780,9705 Royal Lytham Drive,449000,33.109754,-96.743491
781,4441 Bentley Drive,450000,33.046172,-96.780098
782,3613 Slickrock Drive,454900,33.045716,-96.659007
783,1908 Uplands Drive,475000,33.072613,-96.730847
784,2917 Falling Brook Drive,495000,33.070125,-96.749529
785,6404 Dunmoor Drive,525000,33.051096,-96.839841
786,3608 Danbury Lane,535000,33.065436,-96.660713
787,1412 Alberti Avenue,599900,33.005515,-96.718744
788,6509 Hillswick Drive,665000,33.046636,-96.84263
789,1809 Triple Crown Lane,700000,33.025376,-96.823563
790,3053 Greenhill Drive,799500,33.041392,-96.845039
791,5909 Fairchild Court,949000,33.03065,-96.820882
792,1709 ANGLEBLUFF Lane,999000,33.02394,-96.810274
793,5321 Inverrary Drive,1449900,33.031329,-96.80705
794,1700 Amelia Court,140000,33.024035,-96.764837
795,2005 Meadowcreek DR,250000,33.026739,-96.671346
796,4024 Angelina Drive,279900,33.029661,-96.649559
797,820 Simon Drive,305000,33.078734,-96.706271
798,1308 Lufkin Drive,309900,33.017278,-96.778747
799,6203 Rainier Road,325000,33.057933,-96.719117
800,4025 Mesa Drive,332000,33.034596,-96.650188
801,6716 Darton Drive,350000,33.068477,-96.725309
802,8304 Tavaros Drive,350000,33.090768,-96.772054
803,1505 Baffin Bay Drive,364900,33.034015,-96.723951
804,6821 Thorncliff Trail,365000,33.068584,-96.752425
805,4324 Palmdale Drive,365000,33.083271,-96.777262
806,1508 Croston Drive,369000,33.02851,-96.72343
807,1601 Glenwick Drive,375000,33.017228,-96.723746
808,3536 Stroll Road,375000,33.111514,-96.757513
809,3932 Carrizo Drive,386900,33.035887,-96.652834
810,2305 Newcastle Circle,395000,33.030255,-96.7587
811,3629 Big Horn Trail,400000,33.037417,-96.763896
812,5781 Lois LN,400000,33.079177,-96.820554
813,9213 Fairwood Court,430000,33.104638,-96.740955
814,3609 Banks Circle,445000,33.094727,-96.761886
815,2437 Fieldlark Drive,450000,33.047745,-96.679568
816,4705 Bayview Drive,450000,33.039904,-96.790268
817,4201 Tidworth Drive,462000,33.0407,-96.774712
818,2300 Belmont Place,475000,29.995199,-90.169035
819,3300 Edwards Drive,489000,33.102146,-96.755874
820,6841 Flicker Lane,489900,33.067104,-96.662671
821,4204 Warminster Drive,530000,33.036886,-96.775333
822,3236 Caravan Drive,535000,33.078914,-96.754924
823,1505 Parliament Lane,571000,33.020051,-96.791711
824,5908 Sandhills Circle,675000,33.04817,-96.823622
825,5600 Saint Peter Drive,759900,33.055199,-96.813037
826,5505 Grasmere Drive,799900,33.02528,-96.808165
827,5809 ROSWELL Drive,1175000,33.036113,-96.820249
828,2912 meadows Drive,197000,33.019096,-96.674376
829,12 Eastcreek Place,245000,33.022706,-96.666598
830,2005 Meadowcreek Drive,250000,33.026739,-96.671346
831,3928 Villa Downs Drive,299000,33.049934,-96.713683
832,7133 Goldenrod Drive,329000,33.074204,-96.73987
833,3621 Worthington Way,330000,33.064108,-96.764866
834,7112 Van Gogh Drive,335000,33.042508,-96.855609
835,4000 Bandera Drive,349500,33.026162,-96.653005
836,2800 Winterplace Circle,349900,33.034887,-96.749363
837,7317 Ryan Drive,429900,33.076847,-96.749826
838,3721 Atrium Drive,430000,33.029233,-96.76527
839,6008 Sargent Drive,439995,33.007243,-96.61648
840,3001 Charring Cross,470000,33.075231,-96.750598
841,6728 Alcove Lane,490000,33.064344,-96.785988
842,5057 TRAIL LAKE Drive,650000,33.046148,-96.79835
843,5613 Risborough Drive,700000,33.054737,-96.813656
844,7812 Secluded Avenue,999500,33.083252,-96.828597
845,5008 Bellaire Drive,1200000,33.039997,-96.795811
846,3817 Ranch Estates Drive,1225000,33.04081,-96.657085
847,1627 Hawthorne Lane,235000,33.033264,-96.690873
848,791 Antoine Drive,285000,33.046326,-96.709285
849,4432 Bentley Drive,399950,33.045545,-96.779797
850,3836 Santiago Drive,425000,33.047966,-96.750775
851,3300 Canoncita Lane,460000,33.041377,-96.758997
852,5837 Pathfinder Trail,560000,33.026622,-96.822481
853,3312 Emily Drive,667500,33.043428,-96.787887
854,1620 Farmstead Street,809000,33.031979,-96.727938
855,6609 Indian Trail,1150000,39.499214,-86.60389
856,933 Shenandoah Drive,210000,33.047915,-96.713803
857,736 Warwick Drive,259900,33.048631,-96.70407
858,3407 San Mateo Drive,265000,33.043651,-96.767898
859,9909 Monastery Drive,279995,33.114031,-96.750417
860,4024 Hedgerow Drive,299000,33.066046,-96.771813
861,7104 Dalewood Drive,349000,33.070701,-96.667465
862,3416 Brunchberry Lane,350000,33.06091,-96.75993
863,3412 Flat Creek Drive,350000,33.109852,-96.760653
864,4649 Home Place,385000,33.078996,-96.79017
865,2600 Chamberlain Drive,394500,33.05222,-96.743554
866,7400 Hamner Lane,489000,33.078592,-96.774904
867,1920 Jubilee Road,520000,33.027683,-96.82399
868,6612 Shady Point Drive,725000,33.065742,-96.854236
869,2621 Boedeker Drive,205000,33.017834,-96.679142
870,6721 Norway Court,285000,33.06733,-96.712386
871,1526 W Spring Creek Parkway,335000,33.055503,-96.722246
872,2008 Midcrest Drive,374900,33.011851,-96.731566
873,4200 Warminster Drive,525000,33.036882,-96.775088
874,3709 Randa DR,240000,33.020568,-96.661195
875,3803 Silverstone Drive,255000,33.045833,-96.740421
876,7216 Mediterranean Drive,300000,33.04534,-96.85775
877,7901 Mulchin S Way,340000,33.084789,-96.785252
878,2701 Prestonwood Drive,540000,33.037969,-96.852583
879,3425 Melanie LN,540000,33.066031,-96.76007
880,3401 Twin Lakes Way,1548500,33.043013,-96.80302
881,2625 Ezekial Way,215000,33.015612,-96.678874
882,2108 Overglen Drive,249000,33.026485,-96.685522
883,1313 Berkeley Court,299000,33.070716,-96.715573
884,1302 Nest Place,307000,33.017782,-96.771759
885,6500 Wickliff Trail,339500,33.063272,-96.731396
886,4140 Aldenham Drive,339900,33.095083,-96.775084
887,6713 Osage Trail,340000,33.067977,-96.731311
888,3933 Carrizo Drive,349900,33.036353,-96.652703
889,4416 Boston Drive,399900,33.025316,-96.780383
890,3104 Charring Cross,410000,33.074734,-96.751421
891,4617 Portrait Lane,434500,33.0798,-96.788453
892,3701 TrilogyDrive,444900,33.056756,-96.730831
893,4716 Rabbit Trail,599000,33.005268,-96.646248
894,7901 Windrose Avenue,5100000,33.084904,-96.826356
895,2613 Tilden Drive,245000,33.016333,-96.679208
896,1447 Vanderbilt Drive,250000,33.050362,-96.721006
897,908 Harvest Glen Drive,255000,33.051318,-96.710702
898,2424 Majestic Drive,255000,33.035351,-96.680706
899,6532 Ute Court,294000,33.062399,-96.718606
900,9004 Azinger Drive,325000,33.101536,-96.742342
901,6800 Hickory Creek,330000,33.068859,-96.713539
902,3932 Capricorn Court,335000,33.063552,-96.770127
903,3924 Windford Drive,343900,33.075519,-96.769796
904,2408 Windsor Place,389900,33.020607,-96.740255
905,4616 Ringgold Lane,400000,33.030523,-96.786979
906,3117 Aurora Drive,419888,33.040123,-96.792782
907,4733 Durham Drive,430000,33.040613,-96.791017
908,3581 Stroll Road,475000,33.111405,-96.759489
909,5000 Castle Creek Court,1275000,33.036871,-96.795102
910,2916 BEAUCHAMP Drive,1295000,33.04061,-96.803873
911,3509 Twin Lakes Way,2465000,33.044845,-96.80246
912,5600 Cradlerock Circle,3500000,33.030205,-96.814084
913,3801 14th Street,162500,33.015322,-96.660693
914,2204 W Park Boulevard,220000,33.026145,-96.734688
915,3344 Tarkio Road,255000,33.042016,-96.69237
916,1741 Blossom Trail,265000,33.023058,-96.660821
917,6409 Fort Scott Court,269000,33.05987,-96.718877
918,3501 Deep Valley Trail,370000,33.043273,-96.748738
919,8633 Pauline Street,389000,33.096089,-96.794838
920,3209 Sailmaker Lane,424905,33.063728,-96.753977
921,4108 Aldenham Drive,450000,33.095066,-96.77352
922,4504 Crown Ridge Drive,485000,33.058895,-96.780419
923,5985 Tipperary Drive,687000,33.041324,-96.826465
924,3308 Castle Drive,299900,33.041054,-96.673429
925,2425 Fairview Drive,325000,33.014894,-96.740976
926,8429 Pipe Stone Drive,339900,33.093717,-96.752491
927,4421 Early Morn Drive,349000,33.029834,-96.780368
928,2708 Cotton Court,400000,33.034064,-96.777489
929,2541 Indian Paint Drive,419000,39.499214,-86.60389
930,548 Shoreline Street,599999,33.006586,-96.717924
931,5621 Snowberry Drive,689900,33.011182,-96.625854
932,6604 Josephine Street,1255000,33.070456,-96.847169
933,1607 California Trail,290000,36.043564,-119.008434
934,3916 Rolling Hills Drive,354900,33.084352,-96.771402
935,7220 Netherlands Lane,370000,33.074775,-96.731622
936,2305 Treehouse Lane,380000,33.044018,-96.736816
937,3109 Hilltop Lane,380000,33.039593,-96.748205
938,2225 Delmar Drive,409000,33.016573,-96.737346
939,4077 Olympic Court,430500,33.020998,-96.771276
940,2709 Oakland Hills Drive,465000,33.10611,-96.744242
941,7020 Coverdale Drive,485000,33.072843,-96.854076
942,7016 Redstone Lane,499000,33.070841,-96.854991
943,5121 Seascape Lane,1050000,33.033779,-96.800255
944,5000 Kirkland Court,1250000,33.038103,-96.795184
945,5504 Cavendish Court,4700000,33.032196,-96.811315
946,2117 Winslow Drive,315000,33.069749,-96.737845
947,2708 Royal Oaks Drive,319900,33.036071,-96.675671
948,2305 Newcastle CIR,395000,33.030255,-96.7587
949,9600 Gold Hills Drive,449900,33.108531,-96.7525
950,4421 Risinghill Drive,495000,33.090988,-96.779097
951,3624 Oakcrest Drive,540000,33.085104,-96.766053
952,4612 Vista Grande,549900,33.089694,-96.795524
953,5144 Arrowhead Lane,615000,33.019097,-96.803587
954,1627 Amherst Drive,399900,33.017926,-96.724743
955,2332 San Gabriel Drive,409000,33.033827,-96.653846
956,1724 Westlake Drive,455000,33.008687,-96.728006
957,6013 Hagerman Drive,459900,33.009403,-96.616492
958,2505 Horseman Drive,360000,33.10239,-96.740155
959,3633 Legendary Lane,409000,33.066572,-96.765618
960,3304 Runabout Court,439000,33.054546,-96.755721
961,4533 Arlen Drive,474900,33.045979,-96.783359
962,3625 Leathertop Drive,484900,33.039938,-96.763856
963,2200 W Park Boulevard,225000,33.026151,-96.733988
964,1928 Hawken Drive,315000,33.068756,-96.731076
965,2613 Ridgewood Drive,330000,33.033209,-96.667965
966,2033 Brabant Drive,405000,33.078264,-96.73305
967,6529 Sleepy Spring Drive,559000,33.058806,-96.842211
968,2601 Preston Road,200000,33.035409,-96.795085
969,7036 Jasper Drive,350000,33.070174,-96.667722
970,2308 Regal Road,424900,33.021478,-96.737221
971,7301 Hollingsworth Drive,499000,33.075804,-96.746861
972,4112 Westmoreland Drive,529900,33.033311,-96.773245
973,5920 Royal Palm Drive,658000,33.034435,-96.822737
974,2205 Bradbury Court,850000,33.031687,-96.823402
975,3513 Twin Lakes Way,2465000,33.045107,-96.802241
976,9817 Castlewood Drive,250000,33.112571,-96.752713
977,4821 Mulholland Drive,449900,33.007189,-96.644039
978,5829 Bridle Bend Trail,596000,33.022516,-96.822211
979,3813 Hibbs Street,599000,33.088915,-96.767075
980,4520 Hartford Drive,336000,33.020286,-96.784642
981,901 Brookville Court,340000,33.00792,-96.64725
982,2313 Brennan Drive,343000,33.024499,-96.737575
983,1908 Sandpiper Lane,365000,33.013192,-96.729834
984,3617 Candelaria Drive,395000,33.043553,-96.762855
985,4205 Ambrosia Lane,410000,33.021453,-96.774997
986,621 Arapaho Drive,420335,33.006826,-96.725901
987,4573 Lancelot Drive,675000,33.076953,-96.784488
988,5121 MEADOWSIDE Lane,1150000,33.055124,-96.801893
989,4116 Mesa DR,339900,33.034088,-96.648952
990,5760 Baltic Boulevard,420000,33.085723,-96.82108
991,2824 Kyle Drive,449999,33.036045,-96.740414
992,2600 Royal Birkdale Drive,475000,33.110154,-96.741884
993,3204 Sleepy Hollow Drive,1095000,33.040795,-96.800145
994,6620 Josephine Street,1149900,33.070456,-96.847169
995,1805 W Spring Creek Parkway,176900,33.058621,-96.728182
996,2800 Poplar Court,239000,33.035385,-96.669297
997,2033 Hawken Drive,325000,33.069099,-96.734095
998,2409 Trailwest Lane,330000,33.105456,-96.739105
999,3417 Burnet Drive,445000,33.106722,-96.758414
1000,3021 Deansbrook Drive,667000,33.039694,-96.79406
1001,1109 F Avenue,179900,33.014087,-96.705976
1002,2800 Poplar CT,239000,33.035385,-96.669297
1003,1714 Cherokee Trail,288500,33.05771,-96.72715
1004,1620 Lorraine Drive,289900,33.027486,-96.690802
1005,3809 Solarium PL,355000,33.027561,-96.766341
1006,2708 Summit View Drive,382000,33.09567,-96.746434
1007,3929 Carrizo Drive,410000,33.036363,-96.653002
1008,8016 Cornelius Drive,579000,33.086362,-96.801482
1009,5144 Arrowhead LN,615000,33.019097,-96.803587
1010,2739 N Colfax Circle,328500,33.02905,-96.747454
1011,2000 Willow Bend Drive,4490000,33.028468,-96.813157
1012,1520 Fairfield Drive,175000,33.029253,-96.692192
1013,6401 Meridian Court,280000,33.059367,-96.711909
1014,1508 Croston DR,369000,33.02851,-96.72343
1015,4549 Wilbarger Street,551000,33.103158,-96.783315
1016,9112 Guadalupe Street,621300,33.103101,-96.78125
1017,6925 Marigold Court,335000,33.067157,-96.664749
1018,7624 Highcroft Way,580900,33.081821,-96.827805
1019,6112 Echelon Way,630900,33.082494,-96.828068
1020,4700 Bear Run Drive,340000,33.051216,-96.788485
1021,2033 Ruger Drive,355000,33.063582,-96.733779
1022,7048 Pensacola DR,500000,33.070172,-96.674408
1023,2537 Bunker Hill Circle,350000,33.032668,-96.735568
1024,6208 Preserve Drive,1563900,33.084585,-96.830233
1025,3208 Brookshire Drive,439000,33.016751,-96.755592
1026,2204 Plantation Lane,4485000,33.030657,-96.817055
1027,5508 Seapines Drive,3300000,33.046424,-96.811307
1028,2400 Jupiter Road,129000,33.02913,-96.681643
1029,2633 Regal Road,399000,33.021898,-96.745212
1030,1808 Watermill Court,1999000,33.025404,-96.817869
1031,1767 Montgomery Drive,410230,33.006945,-96.725528
1032,6824 Bonaparte Court,1179000,33.070758,-96.843369
1033,3101 Townbluff Drive,215000,33.039555,-96.74953
1034,6713 Mossberg Drive,415000,33.068014,-96.73641
1035,3005 Chippenham Drive,515000,33.038569,-96.77278
1036,1412 Linden Drive,314000,33.012966,-96.720306
1037,9108 Guadalupe Street,571300,33.102993,-96.781251
1038,1332 Exeter Drive,280000,33.017618,-96.788604
1039,1913 Briarwood Drive,219000,33.02743,-96.688056
1040,1801 Hawthorne Lane,280000,33.033274,-96.688864
1041,4305 Waterford Drive,480000,33.057933,-96.77737
1042,1905 Pleasant Valley Drive,369900,33.051607,-96.730501
1043,6600 Josephine Street,1152000,33.070456,-96.847169
1044,5341 Tate Avenue,1449000,33.041493,-96.805947
1045,8045 Cornelius Drive,470900,33.086764,-96.801934
1046,5912 Lindfield Court,755000,33.05399,-96.824312
1047,4520 Refugio Drive,616300,33.101736,-96.782241
1048,5804 Milano Drive,535000,33.053931,-96.784826
1049,3412 Matagorda Springs Drive,450000,33.088652,-96.759515
1050,2408 Huntington Drive,349000,33.03118,-96.757063
1051,6904 Laramie Drive,407000,33.070225,-96.723303
1052,4413 Oak Knoll Drive,587300,33.039102,-96.780636
1053,6721 Denali Drive,594049,33.066946,-96.769996
1054,3508 Curbstone Way,489000,33.064292,-96.66285
1055,6128 Preserve Drive,594900,33.08401,-96.82884
1056,6117 Echelon Way,677900,33.082822,-96.828178
1057,7805 Steppington Drive,330000,33.083847,-96.724035
1058,4536 Wilbarger Street,499000,33.102628,-96.782927
1059,1921 Tampico Drive,285000,33.036327,-96.731051
1060,8028 Zeppos Drive,545900,33.086434,-96.802153
1061,4524 Refugio Drive,516000,33.101738,-96.782377
1062,4532 Wilbarger Street,531000,33.102603,-96.782804
1063,4808 Sunnybrook Drive,665240,33.049526,-96.790507
1064,8024 Zeppos Drive,437900,33.086366,-96.802127
1065,2120 Cliffside Drive,454500,33.055719,-96.736975
1066,9821 Lightcatcher Drive,325000,33.110063,-96.762075
1067,2005 Briarwood Drive,200000,33.027812,-96.686522
1068,1604 Kesser Drive,280000,33.081862,-96.721554
1069,1701 G Avenue,459900,33.022763,-96.70516
1070,8020 Zeppos Drive,495900,33.086298,-96.802102
1071,2701 Deansbrook Drive,657500,33.036393,-96.794205
1072,4732 Sunnybrook Drive,673600,33.049514,-96.789692
1073,5413 Glenscape,754900,33.056756,-96.730831
1074,3500 Ranchero Road,2200000,33.045689,-96.805738
1075,4700 Strong Avenue,94900,32.716892,-97.254155
1076,2303 Ridgmar Plaza,132500,32.738326,-97.422003
1077,3817 E 1st Street,154900,32.765524,-97.290805
1078,4605 Norris Valley Drive,164900,32.822539,-97.429566
1079,6715 Old Stone Drive,169900,32.862013,-97.283622
1080,2504 Capri Drive,172000,32.798472,-97.390069
1081,3417 Glenmont Drive,190000,32.660957,-97.365735
1082,10132 Stoney Bridge Road,193000,32.755712,-97.499371
1083,2616 Countryside Lane,199900,32.646691,-97.356993
1084,2908 Carolina Drive,209990,32.618416,-97.362487
1085,7616 Acapulco Road,210000,32.74326,-97.191115
1086,405 Flowering Plum Lane,215000,32.594879,-97.325188
1087,8116 Autumn Creek Trail,218000,32.632138,-97.337046
1088,3512 Burton Avenue,220000,32.714204,-97.274381
1089,5901 Saddle Flap Drive,235000,32.844011,-97.370794
1090,1327 E Morphy Street,235000,32.729086,-97.308013
1091,5729 Mountain Bluff Drive,240000,32.886326,-97.411539
1092,2810 20th Street NW,249000,32.794576,-97.385459
1093,1305 W Shaw Street,250000,32.70231,-97.339918
1094,8104 Southern Pine Way,250000,32.624265,-97.367574
1095,5825 Blue Ribbon Road,255000,32.842903,-97.381104
1096,800 Salida Road,262900,32.99157,-97.37424
1097,2200 Denmark Lane,269900,32.771419,-97.291484
1098,3114 Rosen Avenue,275000,32.802339,-97.369948
1099,10804 Ersebrook Court,299000,32.925718,-97.36167
1100,10469 Evening View Drive,310000,32.920236,-97.372039
1101,7784 Beaver Head Road,318000,32.879096,-97.281709
1102,220 Lemley Drive,332000,32.911564,-97.359106
1103,2501 Breccia Drive,340000,32.737533,-97.512264
1104,10013 Warberry Trail,345000,32.91484,-97.354852
1105,5660 Banks Road,355000,32.601097,-97.250956
1106,6005 Carmona Trail,369937,32.724047,-97.269432
1107,6641 Lake Overlook,381114,32.73215,-97.431658
1108,4900 Birchman Avenue,400000,32.735108,-97.393353
1109,432 Palmito Ranch Road,410000,32.898418,-97.354459
1110,15740 Carlton Oaks Drive,425000,32.652918,-97.379538
1111,9909 Crawford Farms Drive,462500,32.924026,-97.304597
1112,3901 Piedmont Road,467000,32.71518,-97.437391
1113,2131 Warner Road,674900,32.720805,-97.34682
1114,6705 Olympia Hills Road,960000,32.647332,-97.44143
1115,2439 Wabash Avenue,975000,32.716466,-97.362581
1116,700 Grove Street,1258000,32.754281,-97.327487
1117,1418 Meadowood Village Drive,103000,32.758763,-97.162479
1118,3614 N Harding Street,125000,32.809692,-97.341461
1119,3620 Pate Dr Drive,125000,32.709893,-97.260607
1120,6140 River Pointe Drive,142500,32.774391,-97.414492
1121,700 S Hughes Avenue,145000,32.737214,-97.257158
1122,9925 Plainfield Drive,153900,32.756856,-97.492817
1123,6705 Monterrey Drive,171000,32.751389,-97.214223
1124,4620 Houghton Avenue,185000,32.7265,-97.388914
1125,6900 Van Natta Lane,189000,32.740342,-97.211032
1126,1207 S Chicago Avenue,189900,32.731878,-97.264978
1127,1035 E Harvey Avenue,189900,32.720211,-97.314183
1128,7312 Blackthorn Drive,198000,32.870157,-97.280105
1129,8724 Polo Drive,198000,32.614912,-97.382524
1130,2900 Elsinor Drive,199000,32.731399,-97.474613
1131,7600 Kell Drive,199900,32.736837,-97.192364
1132,3012 Creekwood Lane,200000,32.63015,-97.365791
1133,2305 Whispering Court,204900,32.65066,-97.354353
1134,933 Stone Chapel Way,215000,32.838558,-97.377753
1135,8617 Guadalupe Road,215000,32.72239,-97.467393
1136,4620 Mustang Drive,219000,32.883534,-97.286866
1137,3008 Vicksburg Lane,224900,32.619162,-97.363504
1138,5016 River Rock Boulevard,225000,32.83465,-97.378871
1139,734 Heights Drive,229000,32.768309,-97.238178
1140,5263 Meadowbrook Drive,229900,32.745952,-97.240319
1141,713 Key Deer Drive,230000,32.652918,-97.379538
1142,1328 Nicole Way,235000,32.590666,-97.294901
1143,10920 Deauville Circle N,238500,32.752717,-97.516256
1144,2208 Wakecrest Drive,240000,32.740914,-97.511816
1145,4556 Grainland Court,240000,32.887917,-97.392186
1146,1720 Danciger Drive,240000,32.75338,-97.229208
1147,7573 Vanessa Drive,244900,32.75327,-97.19116
1148,2745 Cochran Way,245000,32.732645,-97.505979
1149,7429 Laurie Drive,249500,32.754022,-97.196596
1150,7216 Briarwyck Court,250000,32.87176,-97.291932
1151,5820 Ridgerock Court,255000,32.663439,-97.400383
1152,8424 Steel Dust Drive,259000,32.873515,-97.393723
1153,8368 Pipestone Drive,259900,32.891732,-97.266903
1154,4101 Piedmont Road,260000,32.710345,-97.437314
1155,8612 Star Thistle Drive,260000,32.878686,-97.397031
1156,2209 Sims Drive,262000,32.690642,-97.302286
1157,8209 Water Buck Run,266000,32.877419,-97.419634
1158,4732 Great Divide Drive,269000,32.876138,-97.283067
1159,2624 Twinflower Drive,270000,32.940031,-97.305355
1160,621 Bent Oak Drive,275000,32.909271,-97.371913
1161,12913 Parkersburg Drive,275000,32.961897,-97.278019
1162,9244 Bronze Meadow Drive,275000,32.906378,-97.35715
1163,10445 Evening View Drive,279000,32.919397,-97.372042
1164,9105 Settlers Peak Road,279900,32.886101,-97.414419
1165,7333 Mesa Verde Trail,285000,32.87362,-97.266188
1166,3905 Clayton Road E,285000,32.716925,-97.428455
1167,4540 Indian Rock Drive,290000,32.923544,-97.287506
1168,11805 Dixon Drive,294990,32.775456,-97.530183
1169,220 Ridgeland Oak Drive,296900,32.779003,-97.19212
1170,2408 Flowing Springs Drive,300000,32.771419,-97.291484
1171,7413 Buckskin Court,300000,32.872398,-97.279702
1172,9104 Tyne Trail,300000,32.796656,-97.181131
1173,7525 Pleasant Oaks Street,309900,32.776076,-97.191052
1174,4925 Cedar Brush Drive,315000,32.617804,-97.400902
1175,1005 Terrace View Drive,315000,32.74607,-97.509632
1176,7801 Lake Meredith Way,315000,32.880692,-97.271204
1177,3737 Redwood Creek Lane,315000,32.855474,-97.304758
1178,7633 Quail Ridge,315000,32.88538,-97.443988
1179,8184 Black Ash Drive,320000,32.887214,-97.352747
1180,3329 Park Ridge Boulevard,320500,32.700645,-97.358262
1181,232 Wild Onion Lane,322274,32.899056,-97.35841
1182,13784 Trail Break Drive,325000,32.75428,-97.380446
1183,1813 Sevilla Road,328000,32.740903,-97.431862
1184,216 Bearman Drive,334900,32.779129,-97.191298
1185,7245 Laguna Del Campo Trail,340000,32.872632,-97.334636
1186,8628 Funtier Court,345000,32.882659,-97.438731
1187,1632 Barrel Oak Drive,349900,32.907394,-97.425681
1188,5358 Desert Falls Drive,350000,32.892213,-97.270587
1189,144 Plumed Thistle Drive,354990,32.896332,-97.359214
1190,10428 Misty Redwood Trail,369500,32.926396,-97.324525
1191,3541 Gallant Trail,375000,32.960471,-97.282796
1192,6516 Genoa Road,395000,32.742568,-97.429822
1193,2306 Park Place Avenue,399900,32.726043,-97.352793
1194,4324 Rosebriar Way,399990,32.92004,-97.291955
1195,6769 Lost Star Lane,424900,32.668292,-97.428707
1196,9837 Crawford Farms Drive,425000,32.924027,-97.305194
1197,12532 Treyburn Drive,434900,32.954531,-97.265216
1198,6928 Talon Drive,435000,32.868128,-97.437783
1199,2611 McCart Avenue,440000,32.713941,-97.352832
1200,6905 Camino Court,470000,32.687033,-97.430065
1201,4317 Old Grove Way,499900,32.962631,-97.266282
1202,9633 Ben Hogan Lane,550000,32.914655,-97.283705
1203,12549 Bella Amore Drive,599000,32.636163,-97.53127
1204,4500 Ranch View Road,850000,32.696293,-97.38976
1205,3213 Crenshaw Avenue,139900,32.718417,-97.279413
1206,508 E Pafford Street,144900,32.69164,-97.322456
1207,2401 Ben Avenue,150000,32.744733,-97.279145
1208,6817 Greenlee Street,150000,32.741757,-97.21246
1209,5025 Royal Drive,159900,32.699918,-97.447731
1210,10137 Lone Eagle Drive,175000,32.76169,-97.497876
1211,5204 Ruston Avenue,178000,32.668189,-97.35897
1212,6916 Sandybrook Drive,179900,32.772096,-97.209759
1213,10808 Hornby Street,198000,32.754252,-97.514239
1214,3724 Cork Place,199000,32.717324,-97.458424
1215,3217 Hanger Avenue,199306,32.721118,-97.279244
1216,5801 Mirror Ridge Drive,200000,32.884851,-97.412078
1217,2700 W Fuller Avenue,209000,32.679387,-97.356706
1218,2315 Market Avenue,209900,32.787429,-97.361708
1219,1729 Cedar Tree,209900,32.865161,-97.339012
1220,8340 Tucson Trail,210000,32.726756,-97.46065
1221,713 Sunrise Court,214900,32.769752,-97.192686
1222,201 W Lancaster Avenue,215000,32.745479,-97.327153
1223,7829 Waxwing Circle W,215000,32.882227,-97.304457
1224,10221 Westward Drive,220000,32.752142,-97.503255
1225,8013 Summer Sun Drive,220000,32.886422,-97.303229
1226,7105 Lindentree Lane,225000,32.869754,-97.264678
1227,7105 Lindentree LN,225000,32.869754,-97.264678
1228,9944 Plainfield Drive,229000,32.75731,-97.494067
1229,2312 Williston Court,234000,32.739147,-97.498714
1230,5000 Cockrell Avenue,234900,32.673512,-97.360114
1231,2305 Charisma Drive,235000,32.855302,-97.328631
1232,5944 Melanie Drive,239000,32.851766,-97.330422
1233,4403 Bellaire Drive S,239900,32.70288,-97.38605
1234,3409 WINOAK DR,244251,32.612589,-97.370091
1235,3409 WINOAK Drive,244251,32.612589,-97.370091
1236,9612 Linton Drive,245000,32.755892,-97.483133
1237,6313 Eagle Pier Way,245900,32.865028,-97.422239
1238,708 Kelley Court,248000,32.770477,-97.191527
1239,1908 Watson Street,249500,32.750009,-97.247476
1240,2117 Swenson Ranch Trail,249900,32.623146,-97.352509
1241,8401 Greylock Court,250000,32.890224,-97.279789
1242,4640 Parkmount Drive,255000,32.881793,-97.286496
1243,8420 Ram Ridge Road,255000,32.891488,-97.282505
1244,11812 Castleford Way,259000,32.586742,-97.329396
1245,14605 San Pablo Drive,259900,32.99493,-97.369546
1246,9524 Chiefton Way,262500,32.912634,-97.269439
1247,11636 Netleaf Lane,265000,32.940467,-97.263437
1248,7733 Blossom Drive,265000,32.630281,-97.401845
1249,4266 Balboa Drive,268000,32.648719,-97.385176
1250,6466 Lindell Avenue,269000,32.726583,-97.426602
1251,5209 Warm Springs Trail,269000,32.869398,-97.269479
1252,3909 Confidence Drive,270000,32.960028,-97.276263
1253,9244 Bronze Meadow DR,275000,32.906378,-97.35715
1254,2725 Ryan Avenue,275000,32.712391,-97.342318
1255,7913 Songbird Lane,275000,32.627327,-97.392585
1256,4920 Spur Ridge Court,275000,32.900573,-97.279451
1257,1963 Lanewood Drive,279000,32.749558,-97.192577
1258,10304 Little Falls Trail,279900,32.922495,-97.341007
1259,5924 Paddlefish Drive,285000,32.842477,-97.41426
1260,528 Winbridge Lane,289900,32.926218,-97.367856
1261,6132 Malvey Avenue,290000,32.733177,-97.417382
1262,1804 Lariat Drive,290000,32.882626,-97.350447
1263,9617 Lea Shore Street,299900,32.896334,-97.448248
1264,2625 Sandcherry Drive,300000,32.941221,-97.304462
1265,1329 Ocotillo Lane,300000,32.914508,-97.338288
1266,1817 Capulin Road,300000,32.868196,-97.337095
1267,9104 Flying Eagle Lane,304900,32.902549,-97.357763
1268,9104 Flying Eagle LN,304900,32.902549,-97.357763
1269,9300 Herringbone Drive,307000,32.903079,-97.364182
1270,3477 Vista Highlands,310500,32.698015,-97.319964
1271,2507 Lipscomb ST,312000,32.71518,-97.332932
1272,2507 Lipscomb Street,312000,32.71518,-97.332932
1273,2906 8th Avenue,315000,32.708997,-97.344159
1274,245 Black Alder Drive,315000,32.886918,-97.359629
1275,6024 Dunnlevy Drive,319000,32.875054,-97.412819
1276,6424 Darwood Avenue,319000,32.732829,-97.425497
1277,2321 Primrose Avenue,319900,32.782192,-97.312073
1278,2604 Avenel Court,320000,32.771419,-97.291484
1279,6024 Welch Avenue,325000,32.655309,-97.382238
1280,2441 Whispering Pines Drive,325000,32.652918,-97.379538
1281,9652 Rio Frio Trail,330000,32.675073,-97.482158
1282,5339 Tobey Court,335000,32.605989,-97.545134
1283,500 White Bud Lane,335000,32.914473,-97.369013
1284,7700 Boat Wind Road,335000,32.873243,-97.420872
1285,4632 Norwich Drive,339900,32.680428,-97.376325
1286,5221 Cedar Brush Drive,340000,32.615987,-97.405654
1287,5221 Cedar Brush DR,340000,32.615987,-97.405654
1288,8013 Mount Shasta Circle,349000,32.886221,-97.272024
1289,2217 Irwin Street,349900,32.732187,-97.351014
1290,7955 Mellie Court,349900,32.626261,-97.397075
1291,2613 Twinflower Drive,349900,32.940474,-97.305877
1292,3600 Rogers Avenue,349900,32.698152,-97.363177
1293,4408 Camp Bowie Boulevard,350000,32.741824,-97.384628
1294,4813 Hildring Drive E,369500,32.678193,-97.379699
1295,2808 Stable Door Lane,370000,32.942924,-97.300593
1296,6649 Texas Cowboy Dr,379196,32.610891,-97.42524
1297,4220 Doe Creek Trail,389900,32.899874,-97.295333
1298,404 High Desert Drive,395000,32.888853,-97.369428
1299,6424 Locke Avenue,399000,32.731944,-97.425343
1300,11741 Tuscarora Drive,399900,32.774643,-97.529428
1301,12369 Maken Trail,399900,32.95077,-97.397618
1302,5136 Collinwood Avenue,405000,32.738012,-97.398435
1303,14413 Walsh Avenue,424825,32.70065,-97.386965
1304,2716 Sandage Avenue,435000,32.712078,-97.354399
1305,1325 Fairmount Avenue,460000,32.729642,-97.340895
1306,2229 Dunstan Drive,491164,32.941139,-97.353767
1307,6417 Chauncery Place,499000,32.707351,-97.420613
1308,1012 Merion Drive,525000,32.716287,-97.315028
1309,2320 Edwin Street,539000,32.728079,-97.352989
1310,3759 W 4th Street,549000,32.75391,-97.3729
1311,411 W 7th Street,584900,32.751007,-97.33283
1312,2216 Park Place Avenue,585000,32.726149,-97.351235
1313,6356 Davis Road,769000,32.598135,-97.220973
1314,2305 Flemming Drive,105000,32.723296,-97.228941
1315,1100 California Parkway N,109900,32.664679,-97.336236
1316,1346 E Richmond Avenue,112000,32.723347,-97.307799
1317,3808 6th Avenue,178700,32.692967,-97.340611
1318,3563 Frazier Avenue,182900,32.697299,-97.350327
1319,1340 Steinburg,185000,32.645376,-97.340153
1320,1909 Milam Street,198900,32.751323,-97.211133
1321,3916 Wrenwood Drive,199000,32.866977,-97.298584
1322,324 Afton Road,199900,32.643386,-97.32962
1323,5907 Diaz Avenue,210000,32.727064,-97.41229
1324,5812 Wake Robin Drive,218900,32.619257,-97.414182
1325,2524 Concina Way,219500,32.735896,-97.509007
1326,1617 E Tucker Street,220000,32.739551,-97.305674
1327,10261 Sunset View Drive,225000,32.751805,-97.505677
1328,8232 Ranch Hand Trail,232900,32.889416,-97.335732
1329,9744 Francesca Drive,233000,32.752888,-97.487403
1330,3913 Oceanside Drive,235000,32.819858,-97.088786
1331,6320 Provinces Street,240000,32.853231,-97.402698
1332,5908 Helmick Avenue,245000,32.717241,-97.412231
1333,8009 Boat Wind Road,249900,32.8757,-97.421613
1334,7116 Culver Avenue,249900,32.704925,-97.438383
1335,613 Cranbrook Drive,252500,32.908576,-97.37155
1336,633 Goldstone Lane,255000,32.918186,-97.373374
1337,2355 Laurelhill Lane,257000,32.64227,-97.355359
1338,5624 Donnelly Avenue,258000,32.72954,-97.407274
1339,7228 Wavecrest Way,265000,32.868787,-97.421321
1340,1548 Milmo Drive,275000,32.664595,-97.301577
1341,8513 Viridian Lane,275000,32.617956,-97.39355
1342,3620 W Seminary Drive,275000,32.686753,-97.371768
1343,2524 Flowing Springs Drive,280000,32.771419,-97.291484
1344,5621 Dennis Avenue,290000,32.752081,-97.406981
1345,5209 Threshing Drive,300000,32.883564,-97.403438
1346,1541 Fallingwater Trail,305000,32.993081,-97.393555
1347,6552 Longhorn Herd Lane,309500,32.610893,-97.423841
1348,7616 Truchard Drive,310000,32.874056,-97.412283
1349,2625 Swift Creek Drive,310000,32.613999,-97.360304
1350,5329 Corn Field Drive,312500,32.886658,-97.405261
1351,2536 Grey Kingbird Trail,315000,32.77213,-97.217742
1352,3336 Park Ridge Boulevard,315000,32.700835,-97.358854
1353,3968 Tule Ranch Road,315000,32.743094,-97.426847
1354,2744 Albatross Lane,319900,34.484968,-114.30765
1355,4351 Salix Court,320000,32.683668,-97.390022
1356,8709 Glenburne Drive,325000,32.896725,-97.338794
1357,6024 Blanchard Court,341000,32.600497,-97.533189
1358,3309 Park Ridge Boulevard,345000,32.701169,-97.357717
1359,941 Pinnacle Ridge Road,350000,32.934724,-97.378678
1360,9700 Gessner Drive,365000,32.916961,-97.271686
1361,3905 Pershing Avenue,369000,32.735035,-97.375315
1362,9024 Silsby Drive,369900,32.905348,-97.283146
1363,3320 Rosemeade Drive,369900,32.702747,-97.425497
1364,1924 Forest Park Boulevard,374900,32.723658,-97.352185
1365,308 Darlington Trail,374900,32.887175,-97.358745
1366,10032 Tule Lake Road,379900,32.921539,-97.320403
1367,2505 Trailhead Drive,385000,32.709503,-97.186191
1368,5860 Brightfield Road,410000,32.849063,-97.302173
1369,5448 Tuxbury Pond Drive,424900,32.84832,-97.40468
1370,644 E Bluff Street,475000,32.760479,-97.329204
1371,7117 Meadowside Road S,499000,32.647272,-97.42541
1372,5725 Violet Crown Place,517900,32.664883,-97.509954
1373,5724 Violet Crown Place,532900,32.664671,-97.510464
1374,9717 Bison Court,539900,32.916197,-97.267698
1375,5708 Violet Crown Place,559900,32.665248,-97.510862
1376,4604 Harley Avenue,590000,32.742655,-97.387945
1377,1222 Virginia Place,609000,32.746969,-97.377388
1378,4628 Dexter Avenue,725000,32.740773,-97.388856
